,InclusionName,ExperienceId
0,Inclusion23,573927
1,Inclusion26,573927
2,Inclusion34,573927
3,Inclusion47,573927
4,Inclusion5,573927
5,Inclusion31,931882
6,Inclusion39,931882
7,Inclusion21,931882
8,Inclusion12,931882
9,Inclusion8,931882
10,Inclusion11,858018
11,Inclusion35,858018
12,Inclusion40,858018
13,Inclusion44,858018
14,Inclusion34,858018
15,Inclusion16,858018
16,Inclusion12,858018
17,Inclusion20,858018
18,Inclusion37,858018
19,Inclusion46,858018
20,Inclusion45,306944
21,Inclusion8,306944
22,Inclusion17,306944
23,Inclusion15,306944
24,Inclusion18,306944
25,Inclusion19,306944
26,Inclusion22,306944
27,Inclusion39,739764
28,Inclusion43,739764
29,Inclusion20,739764
30,Inclusion10,739764
31,Inclusion38,749502
32,Inclusion29,225689
33,Inclusion32,923591
34,Inclusion5,923591
35,Inclusion22,923591
36,Inclusion44,923591
37,Inclusion36,923591
38,Inclusion19,923591
39,Inclusion1,923591
40,Inclusion7,923591
41,Inclusion3,70657
42,Inclusion33,70657
43,Inclusion48,70657
44,Inclusion50,70657
45,Inclusion7,70657
46,Inclusion18,70657
47,Inclusion35,70657
48,Inclusion40,70657
49,Inclusion25,70657
50,Inclusion13,70657
51,Inclusion15,212920
52,Inclusion45,212920
53,Inclusion36,212920
54,Inclusion9,212920
55,Inclusion24,212920
56,Inclusion16,212920
57,Inclusion44,888310
58,Inclusion40,888310
59,Inclusion21,888310
60,Inclusion41,888310
61,Inclusion46,888310
62,Inclusion23,888310
63,Inclusion19,888310
64,Inclusion1,888310
65,Inclusion2,888310
66,Inclusion42,19726
67,Inclusion49,19726
68,Inclusion20,876532
69,Inclusion34,876532
70,Inclusion25,876532
71,Inclusion13,876532
72,Inclusion46,876532
73,Inclusion18,876532
74,Inclusion24,876532
75,Inclusion47,876532
76,Inclusion22,876532
77,Inclusion42,876532
78,Inclusion43,332005
79,Inclusion15,332005
80,Inclusion34,332005
81,Inclusion47,332005
82,Inclusion6,332005
83,Inclusion21,332005
84,Inclusion35,332005
85,Inclusion42,332005
86,Inclusion3,332005
87,Inclusion8,332005
88,Inclusion24,915225
89,Inclusion9,915225
90,Inclusion15,915225
91,Inclusion46,915225
92,Inclusion17,915225
93,Inclusion36,915225
94,Inclusion31,915225
95,Inclusion46,925398
96,Inclusion39,925398
97,Inclusion7,925398
98,Inclusion47,925398
99,Inclusion1,865848
100,Inclusion4,865848
101,Inclusion10,865848
102,Inclusion50,865848
103,Inclusion30,865848
104,Inclusion23,865848
105,Inclusion13,865848
106,Inclusion28,865848
107,Inclusion19,865848
108,Inclusion45,865848
109,Inclusion25,878978
110,Inclusion34,878978
111,Inclusion17,878978
112,Inclusion21,878978
113,Inclusion39,878978
114,Inclusion13,878978
115,Inclusion11,878978
116,Inclusion37,878978
117,Inclusion3,878978
118,Inclusion47,322989
119,Inclusion36,322989
120,Inclusion9,322989
121,Inclusion18,322989
122,Inclusion1,322989
123,Inclusion7,322989
124,Inclusion1,988888
125,Inclusion3,988888
126,Inclusion14,988888
127,Inclusion11,52728
128,Inclusion7,52728
129,Inclusion12,52728
130,Inclusion49,52728
131,Inclusion47,52728
132,Inclusion8,52728
133,Inclusion13,52728
134,Inclusion16,52728
135,Inclusion28,52728
136,Inclusion32,865814
137,Inclusion40,865814
138,Inclusion16,865814
139,Inclusion31,865814
140,Inclusion21,865814
141,Inclusion46,865814
142,Inclusion6,865814
143,Inclusion24,415951
144,Inclusion10,415951
145,Inclusion11,415951
146,Inclusion31,415951
147,Inclusion33,415951
148,Inclusion42,415951
149,Inclusion19,689937
150,Inclusion8,689937
151,Inclusion10,689937
152,Inclusion2,689937
153,Inclusion30,689937
154,Inclusion12,952168
155,Inclusion5,952168
156,Inclusion37,952168
157,Inclusion10,952168
158,Inclusion13,952168
159,Inclusion18,952168
160,Inclusion34,952168
161,Inclusion26,936223
162,Inclusion14,936223
163,Inclusion10,936223
164,Inclusion38,936223
165,Inclusion27,936223
166,Inclusion9,936223
167,Inclusion45,936223
168,Inclusion31,936223
169,Inclusion29,936223
170,Inclusion6,748347
171,Inclusion9,748347
172,Inclusion10,748347
173,Inclusion25,748347
174,Inclusion42,748347
175,Inclusion29,748347
176,Inclusion31,748347
177,Inclusion37,748347
178,Inclusion18,342975
179,Inclusion45,355168
180,Inclusion22,355168
181,Inclusion15,355168
182,Inclusion27,355168
183,Inclusion1,355168
184,Inclusion5,355168
185,Inclusion46,355168
186,Inclusion2,355168
187,Inclusion15,255686
188,Inclusion36,644722
189,Inclusion50,644722
190,Inclusion43,644722
191,Inclusion48,644722
192,Inclusion35,644722
193,Inclusion21,644722
194,Inclusion33,644722
195,Inclusion50,952448
196,Inclusion45,952448
197,Inclusion2,952448
198,Inclusion16,934186
199,Inclusion41,934186
200,Inclusion12,934186
201,Inclusion35,934186
202,Inclusion20,934186
203,Inclusion15,934186
204,Inclusion44,577465
205,Inclusion28,577465
206,Inclusion4,577465
207,Inclusion49,577465
208,Inclusion47,577465
209,Inclusion40,577465
210,Inclusion6,996658
211,Inclusion41,996658
212,Inclusion36,996658
213,Inclusion43,996658
214,Inclusion17,996658
215,Inclusion8,996658
216,Inclusion19,321534
217,Inclusion24,321534
218,Inclusion21,321534
219,Inclusion2,321534
220,Inclusion9,23128
221,Inclusion6,23128
222,Inclusion1,568743
223,Inclusion31,568743
224,Inclusion25,568743
225,Inclusion28,568743
226,Inclusion43,568743
227,Inclusion50,568743
228,Inclusion42,568743
229,Inclusion44,568743
230,Inclusion47,338964
231,Inclusion25,338964
232,Inclusion44,338964
233,Inclusion21,338964
234,Inclusion23,338964
235,Inclusion15,338964
236,Inclusion49,338964
237,Inclusion11,338964
238,Inclusion35,256063
239,Inclusion2,256063
240,Inclusion30,256063
241,Inclusion3,256063
242,Inclusion44,256063
243,Inclusion16,256063
244,Inclusion42,256063
245,Inclusion5,883795
246,Inclusion49,883795
247,Inclusion29,883795
248,Inclusion8,883795
249,Inclusion47,883795
250,Inclusion14,883795
251,Inclusion46,883795
252,Inclusion35,883795
253,Inclusion12,883795
254,Inclusion50,883795
255,Inclusion41,589091
256,Inclusion14,589091
257,Inclusion31,589091
258,Inclusion24,589091
259,Inclusion11,589091
260,Inclusion13,230116
261,Inclusion37,230116
262,Inclusion9,230116
263,Inclusion49,230116
264,Inclusion29,230116
265,Inclusion30,230116
266,Inclusion11,230116
267,Inclusion15,42229
268,Inclusion45,42229
269,Inclusion40,365926
270,Inclusion49,365926
271,Inclusion36,434736
272,Inclusion39,434736
273,Inclusion34,434736
274,Inclusion25,434736
275,Inclusion10,434736
276,Inclusion4,763962
277,Inclusion21,763962
278,Inclusion1,763962
279,Inclusion12,763962
280,Inclusion38,763962
281,Inclusion34,763962
282,Inclusion22,763962
283,Inclusion15,763962
284,Inclusion48,763962
285,Inclusion13,763962
286,Inclusion46,972444
287,Inclusion7,972444
288,Inclusion18,972444
289,Inclusion20,972444
290,Inclusion31,972444
291,Inclusion49,972444
292,Inclusion30,972444
293,Inclusion23,972444
294,Inclusion12,93475
295,Inclusion17,93475
296,Inclusion48,93475
297,Inclusion31,93475
298,Inclusion29,93475
299,Inclusion36,93475
300,Inclusion20,93475
301,Inclusion49,93475
302,Inclusion22,93475
303,Inclusion40,748184
304,Inclusion31,748184
305,Inclusion1,748184
306,Inclusion49,748184
307,Inclusion45,748184
308,Inclusion36,748184
309,Inclusion11,748184
310,Inclusion17,748184
311,Inclusion32,989335
312,Inclusion49,989335
313,Inclusion40,989335
314,Inclusion30,964252
315,Inclusion35,98576
316,Inclusion45,98576
317,Inclusion24,98576
318,Inclusion41,633712
319,Inclusion19,633712
320,Inclusion34,633712
321,Inclusion9,633712
322,Inclusion14,262712
323,Inclusion39,262712
324,Inclusion41,262712
325,Inclusion9,262712
326,Inclusion33,262712
327,Inclusion42,262712
328,Inclusion50,262712
329,Inclusion35,262712
330,Inclusion31,262712
331,Inclusion10,262712
332,Inclusion20,578300
333,Inclusion26,578300
334,Inclusion4,634078
335,Inclusion29,634078
336,Inclusion38,634078
337,Inclusion32,634078
338,Inclusion36,634078
339,Inclusion21,365547
340,Inclusion4,365547
341,Inclusion2,365547
342,Inclusion29,365547
343,Inclusion9,365547
344,Inclusion18,188976
345,Inclusion1,188976
346,Inclusion17,188976
347,Inclusion7,188976
348,Inclusion15,188976
349,Inclusion43,188976
350,Inclusion42,188976
351,Inclusion1,410156
352,Inclusion41,410156
353,Inclusion12,410156
354,Inclusion20,410156
355,Inclusion30,831995
356,Inclusion32,831995
357,Inclusion25,63511
358,Inclusion33,260391
359,Inclusion35,260391
360,Inclusion31,260391
361,Inclusion12,260391
362,Inclusion42,260391
363,Inclusion3,260391
364,Inclusion24,260391
365,Inclusion19,260391
366,Inclusion48,260391
367,Inclusion8,87945
368,Inclusion34,87945
369,Inclusion1,87945
370,Inclusion11,87945
371,Inclusion9,8754
372,Inclusion27,8754
373,Inclusion34,8754
374,Inclusion12,8754
375,Inclusion41,8754
376,Inclusion6,8754
377,Inclusion43,629737
378,Inclusion21,629737
379,Inclusion11,629737
380,Inclusion23,629737
381,Inclusion39,629737
382,Inclusion30,629737
383,Inclusion48,359315
384,Inclusion2,359315
385,Inclusion37,359315
386,Inclusion43,359315
387,Inclusion13,885263
388,Inclusion25,200110
389,Inclusion32,200110
390,Inclusion5,200110
391,Inclusion49,200110
392,Inclusion10,200110
393,Inclusion24,200110
394,Inclusion20,200110
395,Inclusion21,200110
396,Inclusion36,200110
397,Inclusion35,200110
398,Inclusion35,102904
399,Inclusion40,102904
400,Inclusion37,102904
401,Inclusion21,102904
402,Inclusion44,102904
403,Inclusion28,102904
404,Inclusion47,102904
405,Inclusion25,102904
406,Inclusion20,102904
407,Inclusion47,702469
408,Inclusion40,702469
409,Inclusion19,702469
410,Inclusion1,702469
411,Inclusion21,702469
412,Inclusion33,702469
413,Inclusion30,702469
414,Inclusion31,702469
415,Inclusion3,702469
416,Inclusion10,702469
417,Inclusion1,972299
418,Inclusion19,972299
419,Inclusion33,972299
420,Inclusion23,972299
421,Inclusion46,972299
422,Inclusion2,748310
423,Inclusion22,748310
424,Inclusion31,453649
425,Inclusion13,453649
426,Inclusion19,453649
427,Inclusion33,453649
428,Inclusion25,453649
429,Inclusion18,453649
430,Inclusion44,453649
431,Inclusion27,453649
432,Inclusion15,453649
433,Inclusion28,453649
434,Inclusion8,519531
435,Inclusion11,519531
436,Inclusion45,519531
437,Inclusion42,519531
438,Inclusion5,519531
439,Inclusion29,519531
440,Inclusion14,519531
441,Inclusion31,519531
442,Inclusion28,519531
443,Inclusion7,343271
444,Inclusion16,343271
445,Inclusion12,501004
446,Inclusion19,501004
447,Inclusion34,176607
448,Inclusion49,176607
449,Inclusion15,176607
450,Inclusion50,111381
451,Inclusion6,111381
452,Inclusion45,111381
453,Inclusion34,111381
454,Inclusion18,863708
455,Inclusion12,863708
456,Inclusion14,863708
457,Inclusion38,863708
458,Inclusion27,863708
459,Inclusion4,35199
460,Inclusion29,35199
461,Inclusion9,35199
462,Inclusion41,35199
463,Inclusion11,35199
464,Inclusion32,104122
465,Inclusion25,104122
466,Inclusion22,104122
467,Inclusion7,59962
468,Inclusion36,59962
469,Inclusion35,59962
470,Inclusion17,59962
471,Inclusion22,59962
472,Inclusion26,59962
473,Inclusion38,59962
474,Inclusion12,59962
475,Inclusion31,59962
476,Inclusion13,374577
477,Inclusion28,374577
478,Inclusion21,374577
479,Inclusion3,374577
480,Inclusion19,374577
481,Inclusion37,374577
482,Inclusion32,374577
483,Inclusion42,374577
484,Inclusion17,374577
485,Inclusion43,374577
486,Inclusion47,692314
487,Inclusion5,692314
488,Inclusion17,685718
489,Inclusion26,685718
490,Inclusion49,685718
491,Inclusion33,685718
492,Inclusion13,685718
493,Inclusion50,685718
494,Inclusion10,488465
495,Inclusion46,488465
496,Inclusion12,568582
497,Inclusion23,568582
498,Inclusion13,568582
499,Inclusion38,568582
500,Inclusion47,568582
501,Inclusion44,568582
502,Inclusion3,568582
503,Inclusion7,568582
504,Inclusion42,537327
505,Inclusion32,537327
506,Inclusion40,537327
507,Inclusion2,537327
508,Inclusion6,537327
509,Inclusion9,537327
510,Inclusion10,537327
511,Inclusion31,537327
512,Inclusion50,361395
513,Inclusion40,361395
514,Inclusion15,361395
515,Inclusion31,361395
516,Inclusion1,361395
517,Inclusion20,361395
518,Inclusion4,361395
519,Inclusion28,361395
520,Inclusion25,748662
521,Inclusion17,748662
522,Inclusion7,748662
523,Inclusion37,644636
524,Inclusion20,644636
525,Inclusion15,508730
526,Inclusion8,508730
527,Inclusion44,508730
528,Inclusion45,508730
529,Inclusion19,508730
530,Inclusion28,508730
531,Inclusion9,8924
532,Inclusion46,8924
533,Inclusion15,8924
534,Inclusion10,8924
535,Inclusion48,8924
536,Inclusion26,8924
537,Inclusion7,594992
538,Inclusion16,594992
539,Inclusion46,594992
540,Inclusion8,586399
541,Inclusion24,586399
542,Inclusion22,586399
543,Inclusion35,586399
544,Inclusion11,586399
545,Inclusion46,586399
546,Inclusion37,586399
547,Inclusion27,586399
548,Inclusion7,586399
549,Inclusion23,586399
550,Inclusion35,394861
551,Inclusion44,394861
552,Inclusion41,394861
553,Inclusion16,394861
554,Inclusion43,394861
555,Inclusion37,394861
556,Inclusion18,157357
557,Inclusion48,157357
558,Inclusion20,157357
559,Inclusion21,157357
560,Inclusion13,157357
561,Inclusion50,157357
562,Inclusion31,157357
563,Inclusion45,157357
564,Inclusion15,157357
565,Inclusion16,560190
566,Inclusion42,560190
567,Inclusion4,560190
568,Inclusion50,736483
569,Inclusion41,736483
570,Inclusion44,736483
571,Inclusion24,736483
572,Inclusion8,736483
573,Inclusion9,736483
574,Inclusion35,713957
575,Inclusion6,713957
576,Inclusion49,713957
577,Inclusion15,713957
578,Inclusion23,713957
579,Inclusion24,713957
580,Inclusion21,713957
581,Inclusion8,447800
582,Inclusion1,447800
583,Inclusion33,862583
584,Inclusion7,722397
585,Inclusion26,722397
586,Inclusion35,722397
587,Inclusion29,722397
588,Inclusion44,722397
589,Inclusion28,54928
590,Inclusion20,54928
591,Inclusion37,561256
592,Inclusion21,561256
593,Inclusion33,561256
594,Inclusion45,561256
595,Inclusion9,561256
596,Inclusion47,489742
597,Inclusion37,489742
598,Inclusion34,489742
599,Inclusion11,489742
600,Inclusion13,489742
601,Inclusion31,489742
602,Inclusion10,316461
603,Inclusion23,316461
604,Inclusion50,316461
605,Inclusion45,316461
606,Inclusion21,316461
607,Inclusion18,316461
608,Inclusion42,316461
609,Inclusion37,316461
610,Inclusion44,316461
611,Inclusion12,316461
612,Inclusion29,502314
613,Inclusion40,502314
614,Inclusion2,502314
615,Inclusion10,502314
616,Inclusion16,608373
617,Inclusion33,608373
618,Inclusion32,608373
619,Inclusion15,608373
620,Inclusion37,608373
621,Inclusion10,608373
622,Inclusion36,608373
623,Inclusion34,608373
624,Inclusion46,608373
625,Inclusion2,608373
626,Inclusion9,493028
627,Inclusion2,493028
628,Inclusion43,428539
629,Inclusion17,428539
630,Inclusion2,428539
631,Inclusion38,428539
632,Inclusion46,428539
633,Inclusion1,428539
634,Inclusion39,428539
635,Inclusion37,428539
636,Inclusion8,428539
637,Inclusion33,12203
638,Inclusion8,12203
639,Inclusion40,23723
640,Inclusion25,23723
641,Inclusion5,640179
642,Inclusion4,640179
643,Inclusion38,640179
644,Inclusion3,640179
645,Inclusion26,640179
646,Inclusion31,640179
647,Inclusion49,635869
648,Inclusion24,635869
649,Inclusion9,635869
650,Inclusion29,635869
651,Inclusion28,635869
652,Inclusion13,635869
653,Inclusion41,635869
654,Inclusion45,635869
655,Inclusion46,635869
656,Inclusion47,490063
657,Inclusion7,490063
658,Inclusion29,490063
659,Inclusion11,490063
660,Inclusion8,490063
661,Inclusion9,490063
662,Inclusion14,490063
663,Inclusion14,378328
664,Inclusion35,378328
665,Inclusion9,378328
666,Inclusion3,378328
667,Inclusion4,378328
668,Inclusion44,378328
669,Inclusion43,378328
670,Inclusion42,378328
671,Inclusion11,378328
672,Inclusion29,940494
673,Inclusion24,940494
674,Inclusion9,940494
675,Inclusion37,940494
676,Inclusion47,112830
677,Inclusion37,112830
678,Inclusion49,112830
679,Inclusion19,112830
680,Inclusion28,112830
681,Inclusion43,122389
682,Inclusion22,122389
683,Inclusion40,122389
684,Inclusion14,122389
685,Inclusion42,122389
686,Inclusion32,122389
687,Inclusion45,122389
688,Inclusion19,122389
689,Inclusion13,614532
690,Inclusion42,614532
691,Inclusion38,614532
692,Inclusion28,514159
693,Inclusion34,353269
694,Inclusion11,353269
695,Inclusion31,353269
696,Inclusion6,353269
697,Inclusion1,353269
698,Inclusion35,353269
699,Inclusion41,198519
700,Inclusion13,198519
701,Inclusion24,198519
702,Inclusion28,198519
703,Inclusion9,198519
704,Inclusion38,198519
705,Inclusion6,198519
706,Inclusion20,928658
707,Inclusion34,928658
708,Inclusion17,928658
709,Inclusion5,928658
710,Inclusion13,928658
711,Inclusion12,465420
712,Inclusion32,465420
713,Inclusion31,465420
714,Inclusion46,465420
715,Inclusion5,465420
716,Inclusion49,465420
717,Inclusion23,465420
718,Inclusion4,486058
719,Inclusion28,486058
720,Inclusion3,486058
721,Inclusion15,486058
722,Inclusion49,486058
723,Inclusion40,486058
724,Inclusion18,486058
725,Inclusion1,486058
726,Inclusion5,185481
727,Inclusion27,185481
728,Inclusion37,185481
729,Inclusion12,185481
730,Inclusion49,185481
731,Inclusion2,185481
732,Inclusion15,243431
733,Inclusion25,243431
734,Inclusion24,243431
735,Inclusion2,243431
736,Inclusion11,653220
737,Inclusion6,653220
738,Inclusion50,653220
739,Inclusion25,653220
740,Inclusion11,618658
741,Inclusion18,618658
742,Inclusion24,618658
743,Inclusion48,618658
744,Inclusion5,540020
745,Inclusion25,230734
746,Inclusion20,230734
747,Inclusion3,230734
748,Inclusion37,230734
749,Inclusion1,230734
750,Inclusion40,230734
751,Inclusion8,230734
752,Inclusion26,230734
753,Inclusion35,230734
754,Inclusion17,230734
755,Inclusion10,412734
756,Inclusion5,412734
757,Inclusion45,412734
758,Inclusion29,412734
759,Inclusion17,412734
760,Inclusion47,412734
761,Inclusion7,372128
762,Inclusion1,372128
763,Inclusion8,372128
764,Inclusion38,418028
765,Inclusion40,418028
766,Inclusion13,418028
767,Inclusion26,418028
768,Inclusion27,418028
769,Inclusion12,418028
770,Inclusion19,418028
771,Inclusion16,418028
772,Inclusion28,418028
773,Inclusion35,418028
774,Inclusion15,687028
775,Inclusion4,687028
776,Inclusion48,687028
777,Inclusion5,687028
778,Inclusion19,687028
779,Inclusion25,443720
780,Inclusion41,443720
781,Inclusion13,595706
782,Inclusion36,595706
783,Inclusion42,595706
784,Inclusion34,595706
785,Inclusion11,595706
786,Inclusion34,876739
787,Inclusion28,876739
788,Inclusion8,876739
789,Inclusion5,876739
790,Inclusion31,482316
791,Inclusion4,482316
792,Inclusion46,482316
793,Inclusion35,482316
794,Inclusion3,482316
795,Inclusion32,479771
796,Inclusion34,479771
797,Inclusion44,479771
798,Inclusion35,479771
799,Inclusion37,479771
800,Inclusion28,479771
801,Inclusion42,479771
802,Inclusion43,479771
803,Inclusion42,363888
804,Inclusion19,363888
805,Inclusion30,363888
806,Inclusion3,582951
807,Inclusion8,582951
808,Inclusion37,582951
809,Inclusion18,582951
810,Inclusion6,465627
811,Inclusion42,465627
812,Inclusion44,465627
813,Inclusion3,465627
814,Inclusion48,465627
815,Inclusion35,465627
816,Inclusion18,461943
817,Inclusion4,461943
818,Inclusion10,461943
819,Inclusion6,461943
820,Inclusion42,461943
821,Inclusion37,461943
822,Inclusion49,461943
823,Inclusion7,461943
824,Inclusion24,461943
825,Inclusion22,704227
826,Inclusion47,704227
827,Inclusion38,704227
828,Inclusion25,704227
829,Inclusion5,704227
830,Inclusion27,704227
831,Inclusion41,704227
832,Inclusion50,704227
833,Inclusion49,704227
834,Inclusion21,704227
835,Inclusion8,560249
836,Inclusion3,414375
837,Inclusion40,414375
838,Inclusion35,414375
839,Inclusion39,414375
840,Inclusion44,414375
841,Inclusion17,414375
842,Inclusion42,414375
843,Inclusion7,414375
844,Inclusion9,414375
845,Inclusion5,414375
846,Inclusion47,257232
847,Inclusion41,257232
848,Inclusion33,257232
849,Inclusion42,257232
850,Inclusion1,257232
851,Inclusion23,257232
852,Inclusion27,211658
853,Inclusion26,211658
854,Inclusion44,211658
855,Inclusion22,211658
856,Inclusion47,211658
857,Inclusion2,211658
858,Inclusion43,211658
859,Inclusion15,211658
860,Inclusion8,211658
861,Inclusion35,211658
862,Inclusion32,466535
863,Inclusion36,466535
864,Inclusion4,466535
865,Inclusion46,691731
866,Inclusion44,691731
867,Inclusion15,691731
868,Inclusion8,691731
869,Inclusion30,691731
870,Inclusion28,691731
871,Inclusion31,432899
872,Inclusion49,432899
873,Inclusion41,432899
874,Inclusion36,432899
875,Inclusion34,432899
876,Inclusion17,432899
877,Inclusion11,432899
878,Inclusion33,432899
879,Inclusion6,432899
880,Inclusion43,206052
881,Inclusion24,206052
882,Inclusion45,206052
883,Inclusion25,206052
884,Inclusion30,114486
885,Inclusion21,114486
886,Inclusion18,114486
887,Inclusion46,114486
888,Inclusion39,114486
889,Inclusion34,114486
890,Inclusion50,114486
891,Inclusion40,114486
892,Inclusion47,708447
893,Inclusion10,708447
894,Inclusion5,708447
895,Inclusion23,708447
896,Inclusion31,708447
897,Inclusion25,708447
898,Inclusion30,708447
899,Inclusion16,708447
900,Inclusion27,297278
901,Inclusion1,297278
902,Inclusion7,864235
903,Inclusion8,864235
904,Inclusion33,864235
905,Inclusion39,864235
906,Inclusion49,864235
907,Inclusion10,864235
908,Inclusion37,308370
909,Inclusion3,308370
910,Inclusion46,308370
911,Inclusion9,308370
912,Inclusion43,308370
913,Inclusion28,308370
914,Inclusion45,308370
915,Inclusion12,512974
916,Inclusion35,512974
917,Inclusion11,512974
918,Inclusion29,512974
919,Inclusion44,512974
920,Inclusion40,512974
921,Inclusion21,512974
922,Inclusion3,512974
923,Inclusion45,512974
924,Inclusion9,512974
925,Inclusion26,970730
926,Inclusion21,970730
927,Inclusion22,570612
928,Inclusion9,570612
929,Inclusion30,570612
930,Inclusion15,570612
931,Inclusion7,570612
932,Inclusion42,924441
933,Inclusion1,924441
934,Inclusion33,924441
935,Inclusion2,924441
936,Inclusion12,924441
937,Inclusion25,924441
938,Inclusion20,924441
939,Inclusion17,924441
940,Inclusion3,263200
941,Inclusion37,263200
942,Inclusion47,263200
943,Inclusion29,707253
944,Inclusion4,707253
945,Inclusion50,707253
946,Inclusion46,707253
947,Inclusion16,707253
948,Inclusion20,707253
949,Inclusion40,707253
950,Inclusion26,707253
951,Inclusion25,707253
952,Inclusion30,459001
953,Inclusion16,459001
954,Inclusion46,459001
955,Inclusion11,343074
956,Inclusion21,343074
957,Inclusion46,343074
958,Inclusion1,343074
959,Inclusion41,343074
960,Inclusion13,343074
961,Inclusion25,343074
962,Inclusion4,343074
963,Inclusion5,343074
964,Inclusion34,453021
965,Inclusion25,453021
966,Inclusion22,453021
967,Inclusion12,453021
968,Inclusion23,453021
969,Inclusion49,453021
970,Inclusion20,453021
971,Inclusion45,453021
972,Inclusion32,175156
973,Inclusion41,402006
974,Inclusion18,402006
975,Inclusion9,402006
976,Inclusion42,402006
977,Inclusion26,402006
978,Inclusion36,402006
979,Inclusion8,402006
980,Inclusion33,402006
981,Inclusion13,414541
982,Inclusion29,414541
983,Inclusion24,227879
984,Inclusion35,227879
985,Inclusion41,227879
986,Inclusion15,227879
987,Inclusion5,227879
988,Inclusion21,227879
989,Inclusion45,227879
990,Inclusion23,57688
991,Inclusion43,57688
992,Inclusion49,57688
993,Inclusion41,57688
994,Inclusion16,57688
995,Inclusion13,57688
996,Inclusion5,874079
997,Inclusion11,874079
998,Inclusion47,874079
999,Inclusion10,874079
1000,Inclusion7,874079
1001,Inclusion49,874079
1002,Inclusion34,874079
1003,Inclusion35,874079
1004,Inclusion15,861830
1005,Inclusion30,861830
1006,Inclusion49,861830
1007,Inclusion19,861830
1008,Inclusion3,861830
1009,Inclusion43,861830
1010,Inclusion1,861830
1011,Inclusion4,861830
1012,Inclusion1,196022
1013,Inclusion33,196022
1014,Inclusion30,196022
1015,Inclusion21,196022
1016,Inclusion36,156892
1017,Inclusion12,156892
1018,Inclusion10,156892
1019,Inclusion13,156892
1020,Inclusion2,156892
1021,Inclusion28,156892
1022,Inclusion9,156892
1023,Inclusion46,156892
1024,Inclusion49,156892
1025,Inclusion11,834023
1026,Inclusion8,834023
1027,Inclusion49,834023
1028,Inclusion1,543846
1029,Inclusion13,543846
1030,Inclusion46,673261
1031,Inclusion29,249696
1032,Inclusion27,967938
1033,Inclusion21,967938
1034,Inclusion39,967938
1035,Inclusion28,967938
1036,Inclusion15,967938
1037,Inclusion29,967938
1038,Inclusion49,967938
1039,Inclusion38,967938
1040,Inclusion2,967938
1041,Inclusion24,967938
1042,Inclusion43,742724
1043,Inclusion41,742724
1044,Inclusion14,559851
1045,Inclusion1,559851
1046,Inclusion38,559851
1047,Inclusion19,559851
1048,Inclusion43,559851
1049,Inclusion50,559851
1050,Inclusion26,559851
1051,Inclusion15,559851
1052,Inclusion4,559851
1053,Inclusion30,559851
1054,Inclusion47,354893
1055,Inclusion14,354893
1056,Inclusion27,354893
1057,Inclusion38,354893
1058,Inclusion3,354893
1059,Inclusion5,354893
1060,Inclusion29,354893
1061,Inclusion40,354893
1062,Inclusion16,841346
1063,Inclusion2,841346
1064,Inclusion31,851299
1065,Inclusion18,851299
1066,Inclusion23,851299
1067,Inclusion46,851299
1068,Inclusion25,851299
1069,Inclusion50,851299
1070,Inclusion19,851299
1071,Inclusion4,851299
1072,Inclusion8,851299
1073,Inclusion45,309768
1074,Inclusion22,309768
1075,Inclusion44,309768
1076,Inclusion27,309768
1077,Inclusion11,833880
1078,Inclusion23,833880
1079,Inclusion27,833880
1080,Inclusion15,833880
1081,Inclusion33,833880
1082,Inclusion2,833880
1083,Inclusion29,833880
1084,Inclusion49,833880
1085,Inclusion25,833880
1086,Inclusion9,833880
1087,Inclusion41,785496
1088,Inclusion29,785496
1089,Inclusion39,785496
1090,Inclusion28,785496
1091,Inclusion30,785496
1092,Inclusion46,463298
1093,Inclusion20,528518
1094,Inclusion39,528518
1095,Inclusion45,528518
1096,Inclusion35,528518
1097,Inclusion18,528518
1098,Inclusion37,528518
1099,Inclusion29,528518
1100,Inclusion25,528518
1101,Inclusion23,528518
1102,Inclusion5,528518
1103,Inclusion43,609528
1104,Inclusion10,609528
1105,Inclusion39,609528
1106,Inclusion3,609528
1107,Inclusion11,609528
1108,Inclusion40,609528
1109,Inclusion38,609528
1110,Inclusion30,609528
1111,Inclusion26,609528
1112,Inclusion25,609528
1113,Inclusion47,884999
1114,Inclusion46,884999
1115,Inclusion33,884999
1116,Inclusion15,257754
1117,Inclusion21,257754
1118,Inclusion5,257754
1119,Inclusion39,257754
1120,Inclusion50,257754
1121,Inclusion44,257754
1122,Inclusion2,257754
1123,Inclusion6,257754
1124,Inclusion12,667834
1125,Inclusion23,667834
1126,Inclusion36,667834
1127,Inclusion19,667834
1128,Inclusion27,432488
1129,Inclusion29,432488
1130,Inclusion5,432488
1131,Inclusion23,432488
1132,Inclusion31,432488
1133,Inclusion30,744124
1134,Inclusion31,744124
1135,Inclusion29,744124
1136,Inclusion18,744124
1137,Inclusion6,744124
1138,Inclusion39,744124
1139,Inclusion49,744124
