,ReviewId,ExperienceId,UserId,Description,Rating,Communications,Value
0,236455,176607,985862,Review1,2,2,5
1,500704,785496,161447,Review2,3,2,3
2,688243,465627,185293,Review3,1,3,1
3,296009,878978,907393,Review4,3,1,2
4,815289,57688,668278,Review5,1,1,1
5,853354,972299,833213,Review6,5,5,2
6,293263,833880,106794,Review7,4,1,2
7,521780,508730,947956,Review8,5,2,3
8,324973,59962,151691,Review9,4,4,2
9,847792,206052,399711,Review10,2,2,5
10,250317,748184,828087,Review11,3,3,3
11,178808,309768,648750,Review12,2,5,4
12,57498,952448,493579,Review13,1,1,2
13,12423,595706,801016,Review14,2,1,2
14,804171,878978,967732,Review15,1,3,5
15,684356,785496,249872,Review16,3,1,2
16,608299,355168,694135,Review17,2,3,5
17,790048,633712,833281,Review18,4,3,1
18,46283,402006,907393,Review19,2,2,1
19,492160,434736,279944,Review20,4,4,5
20,438876,157357,862084,Review21,4,3,5
21,135744,687028,111332,Review22,3,1,4
22,136415,211658,448394,Review23,2,5,2
23,60930,925398,839790,Review24,3,4,3
24,988869,862583,531217,Review25,2,4,3
25,100239,501004,981981,Review26,3,5,5
26,210004,888310,413520,Review27,5,3,4
27,641889,308370,595765,Review28,3,4,2
28,660669,206052,497611,Review29,5,1,1
29,386490,372128,398386,Review30,4,2,1
30,258524,940494,151691,Review31,5,3,5
31,126835,934186,132480,Review32,2,1,4
32,453191,831995,572295,Review33,1,3,2
33,636695,8924,767164,Review34,3,2,4
34,34534,414375,899515,Review35,4,1,2
35,593625,363888,467734,Review36,5,2,2
36,977353,923591,178377,Review37,4,2,3
37,246274,70657,900916,Review38,2,4,4
38,52934,940494,143423,Review39,5,3,1
39,635668,736483,397597,Review40,3,1,5
40,354315,52728,169186,Review41,1,4,4
41,498719,343271,257562,Review42,2,1,3
42,781951,763962,342825,Review43,2,4,4
43,943881,432899,659169,Review44,5,2,4
44,970487,970730,19565,Review45,2,4,3
45,756293,402006,790055,Review46,3,2,1
46,156064,489742,142114,Review47,2,4,3
47,275420,461943,714475,Review48,4,4,5
48,766661,967938,848108,Review49,5,5,2
49,160859,418028,645872,Review50,2,5,3
50,366612,863708,512430,Review51,4,4,2
51,291608,834023,930670,Review52,1,1,5
52,354863,691731,846431,Review53,2,4,2
53,54907,573927,705253,Review54,2,2,2
54,455001,87945,895014,Review55,5,4,1
55,461899,640179,304123,Review56,1,4,1
56,507360,713957,819024,Review57,2,4,4
57,423021,332005,601342,Review58,4,1,1
58,638910,342975,876968,Review59,3,4,1
59,337065,308370,372290,Review60,3,4,1
60,828998,888310,453264,Review61,4,1,4
61,734606,748310,765975,Review62,3,4,4
62,700104,459001,104978,Review63,1,3,1
63,139316,512974,568183,Review64,1,4,1
64,253819,878978,607368,Review65,3,3,4
65,908094,618658,111332,Review66,4,5,4
66,558414,952448,883646,Review67,2,5,4
67,163667,785496,337241,Review68,5,3,3
68,434309,685718,656100,Review69,5,5,4
69,491540,594992,599933,Review70,3,1,2
70,267675,863708,999621,Review71,3,3,2
71,542870,343074,116300,Review72,4,4,5
72,773987,748310,707858,Review73,4,4,1
73,192139,578300,649202,Review74,5,4,1
74,345368,644636,967732,Review75,3,3,3
75,132461,923591,625762,Review76,2,4,2
76,251890,459001,981981,Review77,4,1,2
77,271347,412734,182511,Review78,3,3,5
78,580939,559851,3734,Review79,5,1,5
79,373713,414375,547524,Review80,5,2,4
80,630979,862583,331876,Review81,5,3,3
81,369795,463298,644097,Review82,2,4,3
82,411994,332005,190175,Review83,2,2,2
83,865208,633712,825840,Review84,3,2,4
84,934782,461943,267345,Review85,5,3,1
85,279115,851299,643711,Review86,1,4,4
86,678320,374577,714384,Review87,4,1,5
87,354576,633712,790055,Review88,4,3,1
88,669043,685718,749398,Review89,3,1,5
89,15828,707253,283440,Review90,2,2,3
90,428269,667834,648750,Review91,5,4,5
91,930408,321534,378302,Review92,4,2,3
92,374417,707253,258444,Review93,5,1,3
93,788406,42229,801016,Review94,5,4,4
94,922911,888310,803002,Review95,1,1,2
95,536811,70657,981981,Review96,3,1,4
96,856153,225689,460180,Review97,3,3,5
97,31272,884999,833213,Review98,4,2,5
98,947006,453021,790055,Review99,1,4,3
99,401198,342975,607930,Review100,5,5,3
100,510602,338964,984329,Review101,4,5,2
101,311854,321534,499292,Review102,5,1,1
102,656475,316461,773835,Review103,2,1,3
103,359272,722397,422446,Review104,3,4,2
104,280765,609528,773835,Review105,1,4,3
105,615547,970730,161447,Review106,5,2,4
106,128555,568743,61270,Review107,5,2,3
107,817790,519531,331876,Review108,4,4,4
108,283954,653220,891846,Review109,4,2,4
109,995770,122389,427320,Review110,2,5,3
110,806820,501004,116278,Review111,2,5,5
111,177043,332005,121113,Review112,1,1,1
112,43601,874079,218533,Review113,3,5,3
113,804622,667834,733905,Review114,2,4,4
114,353914,742724,517806,Review115,3,4,2
115,372146,297278,109423,Review116,3,5,4
116,944037,225689,584971,Review117,3,5,3
117,910834,394861,82476,Review118,5,2,2
118,551648,212920,376601,Review119,3,4,2
119,131305,374577,122040,Review120,4,2,1
120,395412,175156,467734,Review121,2,3,2
121,240070,653220,358881,Review122,5,1,3
122,680640,104122,398511,Review123,1,2,5
123,811535,858018,644817,Review124,3,1,3
124,432260,414375,924724,Review125,1,5,2
125,827070,54928,707026,Review126,5,2,1
126,826683,157357,969240,Review127,3,3,2
127,430402,479771,499292,Review128,5,1,3
128,559473,493028,734566,Review129,1,1,4
129,424736,748662,398511,Review130,4,3,5
130,140191,156892,801016,Review131,3,5,4
131,584797,93475,1373,Review132,3,2,4
132,908971,402006,9406,Review133,5,1,2
133,786871,858018,347338,Review134,4,4,1
134,292173,578300,168894,Review135,5,1,1
135,150863,708447,116278,Review136,3,3,4
136,146672,543846,640382,Review137,5,5,2
137,651157,466535,89769,Review138,5,3,2
138,84553,707253,80975,Review139,2,3,1
139,439080,212920,175741,Review140,4,5,2
140,964461,667834,448091,Review141,4,4,5
141,37661,635869,870848,Review142,5,2,2
142,318202,243431,970720,Review143,1,5,2
143,611854,996658,970720,Review144,2,5,5
144,531797,176607,608397,Review145,1,2,1
145,727645,748347,789611,Review146,1,3,1
146,656924,114486,307787,Review147,2,1,4
147,918483,865848,750759,Review148,2,5,2
148,176133,255686,190175,Review149,5,2,4
149,681105,851299,648750,Review150,2,3,2
150,68582,964252,514909,Review151,2,1,5
151,978916,589091,132405,Review152,2,4,5
152,972095,176607,122040,Review153,2,4,4
153,366638,112830,422446,Review154,5,3,1
154,870568,486058,122040,Review155,1,1,3
155,36777,865814,512430,Review156,5,4,3
156,112177,708447,47497,Review157,4,1,2
157,155920,453021,437450,Review158,1,3,1
158,747862,608373,342825,Review159,5,2,5
159,35247,343074,349802,Review160,5,1,4
160,861996,748662,23932,Review161,2,1,4
161,191842,573927,936753,Review162,4,4,3
162,516238,501004,407502,Review163,4,1,2
163,371686,211658,927752,Review164,5,5,1
164,96952,543846,363685,Review165,5,3,1
165,292594,841346,907393,Review166,3,5,2
166,189510,748347,397597,Review167,1,3,4
167,535577,508730,690894,Review168,2,1,4
168,490061,644722,31994,Review169,2,2,3
169,901573,418028,193994,Review170,5,4,3
170,929752,418028,383012,Review171,1,5,3
171,95414,629737,803002,Review172,5,4,3
172,809799,691731,958733,Review173,2,5,4
173,163307,176607,126907,Review174,2,2,4
174,116504,309768,304123,Review175,4,1,4
175,130185,486058,640382,Review176,5,4,5
176,582148,114486,819024,Review177,2,1,2
177,753441,560190,121113,Review178,1,4,4
178,121626,707253,546125,Review179,3,5,1
179,260947,365547,353620,Review180,2,4,5
180,19805,486058,79786,Review181,5,3,1
181,284520,861830,414663,Review182,4,5,3
182,886988,589091,791784,Review183,4,2,2
183,559545,707253,502928,Review184,5,3,1
184,60241,568743,550266,Review185,4,1,4
185,782370,185481,376181,Review186,2,1,2
186,456317,874079,365876,Review187,4,1,2
187,395862,931882,30799,Review188,3,2,4
188,873893,748662,475948,Review189,1,3,3
189,22468,861830,722025,Review190,2,4,2
190,75160,988888,305335,Review191,3,4,5
191,606190,453021,372290,Review192,1,2,4
192,71075,614532,764663,Review193,5,2,5
193,653949,361395,848468,Review194,4,4,3
194,597505,885263,30799,Review195,4,5,4
195,204248,309768,376181,Review196,3,3,3
196,78058,634078,68493,Review197,4,2,5
197,566012,644636,767132,Review198,1,2,1
198,923307,785496,568255,Review199,2,2,5
199,579693,537327,326720,Review200,3,3,2
200,180430,453021,764663,Review201,3,4,2
201,158158,432899,27272,Review202,2,2,2
202,931665,748347,746834,Review203,3,4,1
203,654121,35199,927752,Review204,2,2,4
204,136586,308370,215607,Review205,4,1,3
205,167282,577465,190175,Review206,3,5,3
206,931369,488465,899798,Review207,1,1,3
207,256547,493028,703803,Review208,2,1,5
208,788414,964252,599933,Review209,4,2,2
209,17007,23723,62664,Review210,2,5,5
210,952474,256063,165180,Review211,1,4,4
211,30004,309768,967732,Review212,4,5,5
212,933109,577465,773493,Review213,1,2,4
213,941891,359315,5199,Review214,2,2,3
214,841897,230116,168894,Review215,2,2,2
215,169305,412734,862084,Review216,1,5,2
216,298892,653220,607930,Review217,5,4,3
217,23392,561256,388195,Review218,5,1,4
218,503136,635869,984329,Review219,2,5,3
219,618675,560249,221291,Review220,5,4,5
220,332125,93475,540246,Review221,1,5,2
221,85497,578300,848108,Review222,4,2,3
222,545651,70657,83545,Review223,3,1,1
223,860145,200110,855959,Review224,4,4,3
224,70702,175156,304123,Review225,1,4,4
225,909201,964252,566266,Review226,1,4,5
226,573729,415951,61270,Review227,3,3,2
227,240822,831995,429979,Review228,1,1,4
228,972369,111381,372290,Review229,1,1,1
229,982991,543846,512430,Review230,3,4,5
230,717787,104122,493127,Review231,5,3,3
231,40754,644722,643711,Review232,5,3,2
232,242521,537327,5586,Review233,2,2,2
233,668283,634078,151691,Review234,3,2,2
234,434587,568743,371785,Review235,4,1,3
235,143432,614532,121771,Review236,5,3,1
236,333689,537327,453264,Review237,4,3,3
237,534984,785496,183586,Review238,2,4,3
238,186090,343271,645946,Review239,1,1,3
239,430203,230116,221291,Review240,4,3,4
240,517470,923591,529080,Review241,2,4,3
241,852773,486058,138078,Review242,5,4,2
242,487911,428539,927664,Review243,4,1,5
243,80281,996658,215607,Review244,1,4,5
244,941815,200110,305326,Review245,2,5,1
245,738540,102904,51432,Review246,3,4,5
246,18494,156892,624029,Review247,4,5,1
247,762611,934186,752324,Review248,2,5,3
248,612580,573927,931311,Review249,1,3,3
249,359177,736483,703803,Review250,5,5,4
250,279807,243431,789611,Review251,3,5,4
251,33313,57688,427320,Review252,3,5,4
252,704621,321534,681792,Review253,3,4,2
253,824596,297278,258181,Review254,2,5,4
254,333044,394861,707026,Review255,1,1,5
255,661527,414375,215607,Review256,5,3,4
256,485668,594992,377831,Review257,2,1,4
257,398793,157357,846431,Review258,4,4,5
258,342004,35199,88248,Review259,1,4,2
259,696938,568743,954070,Review260,4,1,3
260,373828,748662,339514,Review261,1,4,5
261,605744,321534,61270,Review262,1,5,1
262,849458,188976,712989,Review263,4,3,1
263,676407,931882,619488,Review264,2,1,4
264,303466,249696,404511,Review265,5,1,3
265,124382,878978,132480,Review266,2,2,2
266,592230,200110,437450,Review267,5,2,3
267,702613,342975,215607,Review268,3,5,3
268,330000,749502,841799,Review269,2,4,5
269,263702,354893,625762,Review270,3,4,2
270,924842,640179,412890,Review271,4,3,1
271,914137,537327,660824,Review272,3,2,2
272,120142,87945,862084,Review273,4,4,4
273,390367,111381,106084,Review274,5,2,3
274,388168,744124,493127,Review275,1,3,2
275,178419,343074,714704,Review276,3,2,5
276,421147,570612,501645,Review277,3,3,1
277,393669,582951,808676,Review278,1,2,3
278,531610,940494,544631,Review279,1,1,2
279,514560,885263,648750,Review280,2,2,2
280,593396,996658,954070,Review281,1,3,3
281,550146,744124,132405,Review282,2,4,5
282,300701,841346,559113,Review283,1,5,2
283,25271,412734,403482,Review284,3,3,1
284,784401,988888,825840,Review285,2,5,2
285,837586,931882,127935,Review286,2,4,1
286,22211,972444,810558,Review287,3,5,4
287,898001,354893,432512,Review288,1,3,2
288,37625,559851,954070,Review289,2,2,4
289,204237,198519,219916,Review290,4,2,3
290,875094,365926,104978,Review291,2,3,3
291,780803,608373,138078,Review292,1,1,1
292,305605,353269,568183,Review293,5,4,5
293,853632,704227,253304,Review294,5,4,1
294,91138,861830,645872,Review295,5,2,2
295,4684,104122,947956,Review296,3,3,4
296,592895,923591,839790,Review297,2,2,4
297,202273,321534,127935,Review298,2,2,5
298,875026,156892,765886,Review299,4,2,2
299,781985,365547,221291,Review300,2,2,5
300,834454,489742,9406,Review301,1,3,4
301,978217,988888,448394,Review302,4,3,2
302,889574,353269,168894,Review303,2,1,4
303,378862,447800,618649,Review304,2,1,2
304,863137,297278,878808,Review305,3,3,4
305,20313,322989,46541,Review306,2,5,5
306,933524,640179,604984,Review307,3,2,2
307,165213,465420,568183,Review308,1,2,2
308,532991,111381,62664,Review309,3,4,3
309,515314,785496,735172,Review310,1,4,3
310,850105,589091,378302,Review311,4,3,3
311,338309,748184,327620,Review312,4,5,4
312,835374,928658,211076,Review313,2,3,1
313,691846,185481,144325,Review314,1,3,5
314,117722,851299,419211,Review315,4,3,3
315,812971,488465,1670,Review316,5,2,1
316,767932,702469,643711,Review317,3,5,1
317,104869,748184,601342,Review318,3,2,2
318,770370,972444,333818,Review319,2,3,4
319,231194,708447,355276,Review320,1,3,4
320,446229,885263,633303,Review321,2,4,5
321,724198,573927,267345,Review322,4,5,4
322,68142,570612,925091,Review323,4,5,4
323,423150,915225,355276,Review324,1,3,1
324,522950,432488,376181,Review325,5,4,4
325,105252,667834,190175,Review326,5,4,5
326,893700,833880,200593,Review327,1,1,4
327,451724,744124,150860,Review328,1,1,3
328,199504,748310,725733,Review329,4,3,2
329,671123,200110,891846,Review330,5,2,4
330,51918,512974,968345,Review331,5,2,4
331,168460,578300,224160,Review332,5,2,2
332,173129,888310,106084,Review333,3,2,4
333,592704,230116,34437,Review334,5,1,2
334,488414,561256,969240,Review335,3,4,1
335,459828,493028,536913,Review336,4,3,4
336,59504,332005,878740,Review337,4,4,2
337,468959,188976,109423,Review338,1,1,1
338,699652,412734,89769,Review339,3,1,5
339,652959,883795,916164,Review340,4,4,2
340,441577,434736,347667,Review341,2,4,2
341,333563,432899,478792,Review342,1,3,4
342,115313,378328,404511,Review343,3,2,5
343,506923,996658,399711,Review344,3,5,1
344,482386,374577,228484,Review345,4,5,3
345,141287,608373,767164,Review346,2,1,1
346,916875,262712,634242,Review347,5,4,1
347,615962,297278,675788,Review348,4,4,4
348,665721,453021,404511,Review349,3,1,1
349,861892,466535,134069,Review350,5,5,4
350,840827,104122,347667,Review351,3,4,1
351,115353,633712,769667,Review352,2,4,2
352,256040,102904,260762,Review353,2,2,3
353,459355,685718,208591,Review354,1,5,1
354,195865,673261,715072,Review355,3,2,2
355,422027,883795,106794,Review356,4,5,2
356,124708,923591,505167,Review357,3,5,5
357,230777,874079,1670,Review358,3,5,4
358,744060,858018,714475,Review359,3,3,1
359,72970,996658,528703,Review360,2,1,1
360,402238,512974,565037,Review361,3,5,3
361,280802,410156,895014,Review362,2,2,5
362,237503,87945,967732,Review363,5,5,1
363,926681,931882,44957,Review364,2,4,2
364,939142,685718,559113,Review365,5,2,5
365,739802,736483,565463,Review366,3,5,3
366,360419,434736,925091,Review367,1,5,2
367,972229,749502,568183,Review368,4,3,5
368,61914,378328,547524,Review369,3,5,5
369,60921,453021,422210,Review370,2,3,4
370,604459,577465,773835,Review371,4,5,4
371,124459,561256,426255,Review372,3,2,3
372,704075,465420,134069,Review373,3,1,5
373,481364,206052,134069,Review374,2,1,1
374,957314,211658,645946,Review375,3,4,2
375,430518,876532,873448,Review376,3,3,3
376,827169,589091,379098,Review377,1,4,5
377,705560,512974,887179,Review378,5,2,3
378,459071,8754,185843,Review379,2,1,5
379,64423,988888,258444,Review380,3,1,4
380,271801,874079,46541,Review381,1,4,2
381,757250,972299,470025,Review382,4,5,1
382,752066,570612,327620,Review383,5,1,3
383,770973,885263,493127,Review384,5,4,1
384,43968,924441,454041,Review385,4,5,2
385,511259,338964,211868,Review386,3,3,4
386,25127,255686,190175,Review387,1,4,5
387,301359,739764,882957,Review388,2,5,1
388,11444,582951,742464,Review389,1,3,4
389,908529,685718,149754,Review390,2,2,4
390,854750,363888,336799,Review391,5,1,2
391,816050,514159,134069,Review392,2,2,5
392,905523,888310,177822,Review393,1,2,5
393,117750,93475,398511,Review394,1,1,5
394,982637,713957,531217,Review395,2,2,2
395,566707,227879,193994,Review396,2,2,2
396,880449,748662,963803,Review397,1,4,4
397,395305,925398,139811,Review398,2,3,2
398,593902,354893,925091,Review399,2,1,5
399,663312,833880,924724,Review400,3,4,3
400,703139,479771,676929,Review401,3,5,5
401,182027,365926,205368,Review402,2,5,2
402,849872,748184,654952,Review403,2,1,4
403,75090,8924,542949,Review404,1,3,3
404,642983,586399,132405,Review405,4,4,5
405,839968,502314,253797,Review406,1,5,2
406,568048,461943,23932,Review407,2,3,4
407,159480,748662,890869,Review408,5,5,2
408,899493,851299,969240,Review409,4,3,4
409,158489,35199,124617,Review410,5,1,4
410,270033,176607,690894,Review411,3,2,1
411,193750,211658,195108,Review412,5,2,4
412,656570,52728,640382,Review413,1,2,1
413,898420,227879,634242,Review414,3,5,3
414,327492,57688,441220,Review415,2,1,1
415,57360,122389,478792,Review416,2,4,1
416,503900,687028,854755,Review417,2,5,3
417,921932,972444,248631,Review418,4,3,1
418,430587,418028,552438,Review419,5,1,2
419,746836,876532,972819,Review420,3,5,1
420,981885,309768,810558,Review421,1,5,1
421,302174,365547,925091,Review422,4,5,3
422,597277,736483,489826,Review423,1,1,4
423,209876,8754,955683,Review424,5,4,4
424,470019,988888,805631,Review425,3,5,5
425,206835,923591,919592,Review426,3,3,4
426,543290,633712,813998,Review427,3,4,5
427,343691,93475,532068,Review428,3,5,1
428,815975,748184,109423,Review429,1,1,1
429,741810,414541,27149,Review430,1,2,3
430,785989,432488,150860,Review431,2,2,1
431,708290,459001,412890,Review432,1,2,5
432,637546,255686,825840,Review433,2,2,5
433,481910,862583,397597,Review434,5,4,5
434,540853,378328,450267,Review435,1,4,4
435,752686,466535,584971,Review436,3,1,4
436,139646,748662,536913,Review437,5,2,5
437,712687,257232,106084,Review438,1,2,2
438,899130,653220,963803,Review439,5,2,5
439,829862,54928,598857,Review440,4,1,1
440,198036,443720,327620,Review441,1,3,2
441,656034,332005,433170,Review442,3,4,5
442,221262,353269,841186,Review443,1,2,1
443,688351,736483,544631,Review444,1,5,4
444,209330,878978,140802,Review445,4,1,5
445,325398,262712,253304,Review446,1,3,2
446,266993,338964,701007,Review447,2,5,3
447,137528,560190,493579,Review448,4,2,5
448,460064,175156,47742,Review449,3,1,2
449,562553,488465,968345,Review450,5,4,5
450,350746,512974,432512,Review451,4,2,1
451,333196,257232,703803,Review452,2,4,1
452,402481,502314,97212,Review453,5,4,3
453,733961,635869,643711,Review454,3,4,2
454,894073,461943,489826,Review455,3,5,4
455,95060,667834,547524,Review456,3,5,1
456,777633,35199,358881,Review457,4,5,2
457,766149,59962,846431,Review458,2,1,2
458,111937,988888,720931,Review459,3,3,5
459,745552,858018,9406,Review460,2,3,3
460,223988,361395,707858,Review461,5,4,2
461,881116,8924,15479,Review462,1,2,5
462,754170,227879,775532,Review463,1,4,2
463,26046,687028,547524,Review464,1,1,4
464,344092,35199,765886,Review465,4,1,4
465,164672,363888,467734,Review466,5,3,2
466,100326,876739,710527,Review467,5,5,3
467,397342,785496,353990,Review468,4,2,4
468,325652,748184,27272,Review469,4,3,5
469,614717,361395,789611,Review470,2,4,3
470,623519,685718,71661,Review471,1,5,4
471,759766,967938,862084,Review472,5,4,5
472,715953,925398,970720,Review473,1,2,1
473,725653,667834,927664,Review474,1,4,4
474,768781,876739,816440,Review475,1,5,4
475,434470,111381,694188,Review476,4,1,1
476,261082,633712,416828,Review477,4,2,4
477,648598,196022,347338,Review478,3,2,5
478,623060,102904,542949,Review479,1,5,1
479,913605,519531,769667,Review480,5,1,5
480,122633,878978,977215,Review481,1,5,4
481,480698,689937,764904,Review482,4,5,4
482,991407,196022,437347,Review483,2,2,3
483,731495,156892,404511,Review484,3,4,2
484,539641,175156,403482,Review485,5,1,3
485,732131,200110,337241,Review486,5,1,2
486,489261,19726,701007,Review487,3,4,1
487,404178,342975,799775,Review488,2,2,5
488,142259,667834,137040,Review489,2,1,2
489,827951,263200,773835,Review490,5,4,1
490,705799,519531,790055,Review491,5,4,3
491,889337,988888,80975,Review492,1,3,2
492,477130,864235,598857,Review493,3,5,4
493,540585,739764,873013,Review494,2,1,5
494,318109,644722,659169,Review495,3,5,1
495,114365,262712,648750,Review496,4,4,3
496,10914,486058,803002,Review497,1,3,1
497,357054,157357,221291,Review498,5,5,2
498,434222,482316,699551,Review499,1,4,2
499,126059,122389,557406,Review500,1,5,1
500,622711,343074,707858,Review501,2,5,4
501,327699,653220,885324,Review502,5,2,3
502,186211,691731,927664,Review503,5,3,5
503,629772,432488,377831,Review504,3,2,3
504,345650,428539,37043,Review505,4,3,3
505,187962,570612,279944,Review506,4,1,1
506,70154,501004,495434,Review507,1,5,2
507,190587,227879,725225,Review508,1,1,4
508,590419,763962,226542,Review509,2,4,2
509,294655,634078,253797,Review510,5,2,3
510,571682,249696,505167,Review511,1,5,5
511,692480,834023,528703,Review512,4,5,4
512,468391,175156,750759,Review513,2,4,3
513,877327,543846,514909,Review514,1,1,3
514,957316,876739,416828,Review515,5,1,2
515,81245,967938,248631,Review516,1,2,1
516,606014,502314,915283,Review517,3,4,2
517,481649,198519,250426,Review518,2,1,3
518,373269,249696,83545,Review519,4,5,3
519,399229,501004,432460,Review520,5,4,3
520,131095,501004,911026,Review521,4,3,1
521,113925,568743,964855,Review522,4,2,2
522,297810,861830,935711,Review523,2,4,2
523,512559,996658,746834,Review524,5,2,4
524,753154,52728,413334,Review525,1,5,1
525,400914,255686,413520,Review526,3,3,5
526,217701,560190,775532,Review527,3,5,2
527,229630,198519,441220,Review528,4,2,1
528,954219,582951,248895,Review529,3,4,5
529,409577,952168,848468,Review530,4,5,4
530,676557,256063,355276,Review531,5,2,5
531,424248,42229,720931,Review532,2,4,4
532,783672,306944,194561,Review533,5,1,4
533,857187,833880,377852,Review534,3,3,4
534,594771,502314,377852,Review535,5,3,5
535,900885,479771,412890,Review536,3,4,1
536,395119,12203,111398,Review537,3,4,4
537,214273,54928,876968,Review538,1,4,2
538,249747,418028,594944,Review539,4,1,2
539,286131,831995,699551,Review540,5,5,4
540,247380,459001,890869,Review541,3,2,1
541,817514,354893,290993,Review542,4,5,4
542,163186,338964,927664,Review543,3,5,3
543,914388,93475,116300,Review544,4,5,2
544,851083,365547,139054,Review545,1,3,4
545,227668,8924,531217,Review546,4,2,3
546,704135,414375,441999,Review547,4,4,3
547,726046,568582,454041,Review548,3,3,2
548,124805,833880,51432,Review549,1,4,2
549,78567,206052,981981,Review550,2,3,5
550,909358,834023,514909,Review551,1,4,3
551,862104,594992,881801,Review552,2,3,3
552,616489,490063,828564,Review553,1,1,4
553,420251,316461,249269,Review554,5,3,4
554,751217,297278,580368,Review555,2,2,5
555,906459,59962,87566,Review556,2,5,5
556,857001,354893,765886,Review557,3,4,5
557,764580,708447,882957,Review558,5,5,2
558,605356,560249,347338,Review559,2,3,4
559,584485,952448,374011,Review560,1,5,3
560,894788,23128,413334,Review561,4,3,3
561,290909,864235,513980,Review562,5,4,4
562,744649,316461,140802,Review563,2,3,3
563,938218,952168,448394,Review564,2,1,2
564,818286,70657,767132,Review565,3,2,5
565,758956,185481,566266,Review566,3,1,5
566,890440,559851,883646,Review567,5,2,5
567,973274,573927,378515,Review568,3,1,4
568,641451,157357,514909,Review569,1,5,2
569,497961,316461,958733,Review570,3,1,5
570,135957,876532,194561,Review571,2,5,4
571,720088,243431,676929,Review572,1,4,4
572,60904,432899,841186,Review573,2,5,2
573,543025,321534,899798,Review574,4,2,1
574,829422,432899,722025,Review575,1,1,4
575,583678,594992,15479,Review576,3,2,2
576,539093,831995,134069,Review577,5,3,3
577,418292,309768,531217,Review578,3,2,2
578,281935,122389,805631,Review579,2,3,1
579,936733,864235,599933,Review580,4,4,1
580,854727,876739,267345,Review581,2,1,2
581,11618,644636,126907,Review582,1,4,3
582,446087,410156,754765,Review583,3,1,4
583,4278,883795,981158,Review584,4,4,5
584,582004,414375,599553,Review585,5,5,2
585,713442,453021,981981,Review586,1,5,1
586,499457,8754,60716,Review587,5,4,3
587,82697,112830,211868,Review588,3,5,4
588,149106,372128,66204,Review589,1,2,5
589,747376,687028,124904,Review590,4,5,2
590,658540,156892,513980,Review591,1,1,4
591,814867,884999,413334,Review592,4,3,4
592,573519,512974,416655,Review593,3,2,1
593,398243,618658,513031,Review594,2,5,4
594,203390,8924,707026,Review595,2,1,5
595,766315,19726,634242,Review596,4,2,3
596,423408,573927,466111,Review597,1,1,1
597,63730,447800,47497,Review598,3,3,1
598,215143,297278,250426,Review599,1,1,4
599,431205,865848,767132,Review600,5,5,2
600,211157,934186,700228,Review601,1,2,2
601,442744,878978,151691,Review602,4,2,5
602,969301,42229,441220,Review603,1,2,2
603,439514,594992,104978,Review604,4,4,4
604,661574,354893,839790,Review605,4,4,1
605,897997,493028,104420,Review606,3,2,2
606,99415,230734,339514,Review607,1,4,3
607,512879,940494,550266,Review608,2,4,2
608,953617,374577,441999,Review609,1,4,2
609,536080,297278,780217,Review610,2,5,3
610,616574,263200,326720,Review611,1,2,5
611,381979,608373,565623,Review612,5,3,4
612,858258,211658,141076,Review613,5,5,1
613,701372,561256,936753,Review614,1,2,3
614,152357,573927,820883,Review615,5,3,1
615,298909,157357,267345,Review616,3,2,1
616,287855,365547,841799,Review617,1,3,4
617,469055,704227,205368,Review618,1,2,1
618,236247,634078,34437,Review619,3,1,4
619,365996,8924,413334,Review620,5,3,5
620,303337,748184,3734,Review621,1,4,4
621,350218,57688,279944,Review622,5,4,2
622,457892,188976,900916,Review623,5,2,4
623,608090,249696,15479,Review624,2,1,5
624,868326,104122,161447,Review625,5,3,3
625,6416,589091,60716,Review626,4,4,2
626,568837,736483,41677,Review627,3,5,5
627,844920,188976,701007,Review628,5,2,5
628,414829,512974,437450,Review629,5,3,4
629,254619,297278,754765,Review630,2,4,4
630,286563,884999,215607,Review631,4,4,1
631,240953,568743,603419,Review632,2,4,4
632,528454,936223,722025,Review633,2,2,1
633,363359,354893,441999,Review634,1,3,4
634,821237,412734,407502,Review635,2,4,1
635,442546,862583,83545,Review636,3,4,2
636,204191,970730,426255,Review637,1,4,1
637,322786,884999,873448,Review638,2,2,5
638,386986,308370,999621,Review639,1,2,4
639,751654,528518,185293,Review640,2,5,2
640,81789,465627,89769,Review641,4,4,5
641,693836,972444,48401,Review642,1,1,3
642,990719,749502,371785,Review643,5,5,1
643,224901,432488,97212,Review644,1,1,1
644,568126,739764,61270,Review645,3,3,4
645,81923,540020,617022,Review646,3,3,5
646,341825,722397,970720,Review647,2,1,4
647,743849,243431,78689,Review648,5,2,2
648,291111,501004,607930,Review649,2,4,2
649,326956,865814,91900,Review650,4,4,3
650,943962,63511,376181,Review651,1,2,2
651,497586,570612,855959,Review652,3,3,5
652,445372,414541,124617,Review653,1,3,5
653,731097,543846,775754,Review654,1,3,3
654,70503,586399,769667,Review655,3,2,2
655,567425,748310,878808,Review656,5,2,2
656,631386,332005,333302,Review657,3,2,4
657,663856,744124,396778,Review658,5,3,4
658,58775,748184,183571,Review659,3,2,3
659,764198,540020,885324,Review660,3,1,2
660,736412,19726,617022,Review661,1,2,4
661,65773,466535,764663,Review662,3,3,1
662,520949,93475,194561,Review663,1,1,4
663,491644,653220,568183,Review664,1,1,2
664,19297,8924,253797,Review665,2,1,2
665,889704,378328,211076,Review666,2,2,3
666,725816,540020,383012,Review667,4,3,2
667,34621,196022,403482,Review668,3,5,2
668,554335,415951,328029,Review669,4,1,4
669,356015,8924,659169,Review670,2,4,1
670,184829,988888,562915,Review671,1,1,2
671,931619,200110,140802,Review672,2,3,1
672,321006,748662,195108,Review673,2,4,2
673,910597,188976,144055,Review674,4,4,5
674,620390,257232,348251,Review675,5,1,1
675,664104,465627,369024,Review676,3,5,2
676,188074,972444,676929,Review677,3,4,4
677,395542,865848,221291,Review678,2,4,5
678,195538,831995,685506,Review679,4,2,5
679,610783,306944,422446,Review680,3,2,5
680,214146,936223,466111,Review681,3,1,2
681,892674,763962,922204,Review682,3,5,5
682,385244,338964,59025,Review683,4,2,3
683,625554,365926,690894,Review684,4,3,1
684,420731,936223,448394,Review685,2,3,5
685,790124,936223,796717,Review686,5,2,2
686,621019,412734,422210,Review687,1,5,4
687,853366,704227,866715,Review688,3,5,3
688,445323,372128,151691,Review689,2,1,5
689,987596,878978,497611,Review690,1,3,4
690,797064,687028,178377,Review691,3,4,2
691,651865,260391,257562,Review692,3,3,5
692,583512,512974,968742,Review693,5,2,5
693,748148,936223,828564,Review694,3,5,5
694,782099,851299,707026,Review695,1,5,3
695,212487,365926,827308,Review696,5,4,4
696,46896,876532,328029,Review697,3,4,4
697,705783,157357,517806,Review698,5,2,2
698,132191,568582,101327,Review699,2,4,3
699,357806,885263,775532,Review700,1,3,1
700,637789,479771,413334,Review701,2,3,4
701,628249,915225,707858,Review702,4,2,3
702,112879,878978,249872,Review703,3,5,4
703,629860,87945,633303,Review704,4,3,3
704,517813,443720,194561,Review705,1,3,2
705,838682,673261,818747,Review706,2,2,1
706,303567,453021,19565,Review707,4,3,2
707,144591,479771,714384,Review708,1,5,2
708,712537,865814,372290,Review709,4,4,1
709,257438,578300,104978,Review710,3,4,1
710,13166,689937,919592,Review711,3,3,2
711,481444,372128,47497,Review712,5,3,4
712,663505,257754,61270,Review713,3,3,4
713,911489,453021,619488,Review714,1,3,5
714,94767,577465,432512,Review715,1,3,5
715,113764,447800,538267,Review716,3,1,2
716,170869,493028,143423,Review717,5,4,3
717,608463,200110,734566,Review718,4,4,3
718,486289,876739,254016,Review719,2,3,3
719,733601,595706,547524,Review720,4,3,3
720,999150,198519,62664,Review721,5,2,5
721,735098,925398,211868,Review722,2,4,5
722,793198,864235,47742,Review723,5,2,4
723,965928,689937,786746,Review724,2,5,5
724,593050,952168,383012,Review725,1,5,1
725,480485,667834,305335,Review726,5,4,3
726,526368,915225,828564,Review727,4,2,2
727,269762,255686,828087,Review728,1,4,2
728,273429,175156,48401,Review729,3,3,2
729,597411,748347,369024,Review730,5,4,1
730,418318,87945,846431,Review731,3,4,5
731,60474,878978,398386,Review732,5,3,2
732,105298,70657,18982,Review733,3,4,3
733,352642,308370,78689,Review734,2,5,2
734,740889,763962,1670,Review735,2,2,3
735,22910,884999,712989,Review736,1,5,3
736,185065,685718,79786,Review737,4,4,2
737,341160,736483,841799,Review738,1,5,4
738,464275,490063,355276,Review739,3,2,1
739,746876,833880,699602,Review740,1,5,1
740,267455,713957,79398,Review741,4,4,5
741,432707,198519,833213,Review742,5,3,1
742,702238,230116,734282,Review743,1,3,2
743,740653,608373,151691,Review744,5,5,1
744,62371,98576,124904,Review745,1,2,5
745,896925,479771,633303,Review746,5,5,3
746,58670,644722,132405,Review747,3,1,5
747,357781,861830,30799,Review748,4,2,2
748,490914,374577,750759,Review749,3,1,5
749,922372,633712,258682,Review750,3,5,5
750,935733,749502,899817,Review751,4,5,2
751,945507,87945,662639,Review752,5,1,5
752,314365,343074,376181,Review753,4,3,1
753,223643,434736,215607,Review754,1,1,4
754,213111,490063,601342,Review755,3,5,3
755,795070,502314,47497,Review756,2,1,3
756,593991,111381,68493,Review757,4,5,3
757,301087,851299,429979,Review758,2,4,4
758,802332,212920,985862,Review759,1,3,4
759,91867,415951,601342,Review760,2,3,3
760,425198,502314,151691,Review761,1,3,2
761,962720,925398,789611,Review762,4,1,4
762,82496,748184,644097,Review763,4,5,4
763,873647,102904,887179,Review764,1,5,1
764,195850,297278,954070,Review765,5,5,3
765,743291,502314,718383,Review766,4,2,5
766,347759,996658,828564,Review767,2,1,1
767,386931,967938,321100,Review768,1,3,1
768,241853,878978,339514,Review769,5,5,5
769,315863,989335,585715,Review770,4,3,5
770,680371,514159,78689,Review771,3,2,2
771,229416,114486,82476,Review772,1,4,5
772,572611,211658,134069,Review773,3,3,5
773,634719,707253,550266,Review774,2,4,1
774,337884,692314,818747,Review775,4,2,4
775,309339,176607,539706,Review776,4,1,1
776,629420,736483,846431,Review777,4,1,3
777,300451,578300,466111,Review778,5,2,3
778,433001,414541,104420,Review779,5,3,2
779,116483,560249,528703,Review780,1,4,2
780,698454,257754,378302,Review781,1,4,3
781,36445,519531,919592,Review782,4,3,5
782,8684,257232,718383,Review783,4,4,3
783,346847,87945,848468,Review784,2,2,2
784,370750,87945,363685,Review785,1,2,2
785,557901,748310,407502,Review786,3,5,5
786,17238,257754,839790,Review787,3,3,4
787,219627,175156,848468,Review788,5,2,3
788,582664,582951,337241,Review789,5,1,1
789,919891,748347,211868,Review790,4,3,4
790,138736,667834,89769,Review791,1,4,5
791,335831,482316,565463,Review792,5,1,5
792,680820,465627,594944,Review793,1,2,5
793,208470,537327,699602,Review794,1,5,4
794,939481,212920,529080,Review795,3,3,3
795,475131,748184,718383,Review796,4,2,5
796,438797,59962,185843,Review797,3,3,5
797,48120,923591,104420,Review798,5,2,3
798,494402,970730,258682,Review799,2,4,3
799,150932,23723,501192,Review800,1,1,5
800,507129,98576,659169,Review801,3,3,4
801,876840,748310,970720,Review802,3,5,2
802,410193,559851,899515,Review803,2,3,2
803,410724,644722,143423,Review804,4,5,1
804,847037,543846,208591,Review805,3,4,5
805,153475,940494,668119,Review806,3,1,1
806,75791,198519,723217,Review807,5,3,3
807,727777,785496,453264,Review808,4,4,5
808,96323,543846,378515,Review809,4,3,2
809,18432,925398,649202,Review810,1,1,3
810,141046,689937,929621,Review811,5,1,1
811,311555,614532,977215,Review812,5,2,5
812,237723,374577,378515,Review813,3,2,2
813,188259,465420,813998,Review814,4,3,4
814,632987,212920,165180,Review815,5,5,4
815,806445,418028,339514,Review816,5,4,2
816,666111,964252,37050,Review817,3,4,5
817,556239,874079,51432,Review818,4,5,3
818,945413,466535,640382,Review819,5,3,4
819,135930,640179,59025,Review820,5,2,1
820,193974,501004,804776,Review821,1,4,3
821,238818,453649,870848,Review822,5,4,5
822,699569,915225,907393,Review823,4,1,4
823,607375,862583,12905,Review824,4,3,2
824,551089,306944,662639,Review825,3,5,4
825,828849,243431,490903,Review826,3,3,2
826,100770,432488,539205,Review827,4,1,3
827,648564,309768,331876,Review828,4,3,5
828,720595,940494,249269,Review829,2,5,3
829,819742,561256,915283,Review830,4,1,2
830,295177,255686,339514,Review831,3,3,4
831,501997,915225,964855,Review832,1,2,4
832,456703,428539,497611,Review833,2,5,1
833,108011,851299,204079,Review834,2,1,1
834,76989,353269,116278,Review835,4,4,4
835,796483,972444,967732,Review836,4,2,4
836,469245,582951,511101,Review837,3,4,2
837,187863,644722,866715,Review838,3,3,3
838,270972,923591,908931,Review839,5,3,2
839,43976,508730,536913,Review840,5,3,5
840,189335,70657,520554,Review841,4,2,4
841,259301,763962,565463,Review842,3,4,2
842,687158,316461,304123,Review843,4,1,5
843,889268,519531,505167,Review844,1,1,2
844,443401,594992,899817,Review845,2,3,5
845,146822,704227,764663,Review846,3,2,4
846,235326,934186,307787,Review847,5,4,4
847,3828,577465,453264,Review848,5,2,5
848,532966,928658,454041,Review849,3,5,1
849,781869,689937,403482,Review850,1,3,1
850,147535,52728,699551,Review851,2,5,2
851,259294,410156,301660,Review852,2,4,3
852,603388,225689,448091,Review853,2,5,5
853,719869,618658,117573,Review854,1,2,3
854,516300,586399,765975,Review855,1,2,4
855,783881,865848,547524,Review856,4,1,5
856,217683,577465,539205,Review857,2,4,1
857,975004,410156,321100,Review858,3,4,1
858,601112,185481,566266,Review859,3,4,4
859,749012,372128,954070,Review860,1,4,2
860,76313,402006,633303,Review861,4,3,2
861,234806,618658,699551,Review862,3,1,2
862,868562,689937,441220,Review863,4,2,2
863,450549,722397,725225,Review864,1,1,1
864,811475,577465,71661,Review865,2,3,2
865,598571,308370,804776,Review866,4,4,2
866,47541,964252,887179,Review867,1,2,4
867,490423,970730,249872,Review868,2,4,2
868,597810,93475,557406,Review869,1,3,2
869,856322,114486,578212,Review870,3,4,1
870,687928,225689,927664,Review871,4,1,5
871,432751,862583,848108,Review872,3,4,1
872,473325,306944,358881,Review873,1,5,2
873,58965,434736,378302,Review874,4,1,1
874,878729,378328,801016,Review875,2,3,5
875,456941,459001,764333,Review876,4,2,4
876,151600,35199,517806,Review877,4,2,5
877,541035,644722,151691,Review878,4,1,4
878,863351,87945,122040,Review879,1,2,1
879,477660,972444,68493,Review880,5,5,5
880,10799,629737,26839,Review881,1,1,1
881,203543,260391,760438,Review882,4,3,5
882,172820,578300,694135,Review883,2,4,5
883,882405,414541,1670,Review884,5,3,1
884,834092,8754,885324,Review885,5,1,2
885,230397,490063,538267,Review886,5,3,1
886,35082,988888,873448,Review887,5,2,2
887,553022,861830,514909,Review888,4,3,4
888,189836,378328,565623,Review889,3,5,2
889,274376,501004,189819,Review890,1,5,5
890,490012,372128,768617,Review891,3,1,3
891,434544,486058,878740,Review892,3,4,5
892,508728,501004,450267,Review893,2,1,5
893,245046,514159,124617,Review894,4,3,2
894,921002,749502,801016,Review895,1,4,1
895,490347,739764,137040,Review896,4,2,4
896,298871,888310,448091,Review897,1,4,1
897,670052,570612,248895,Review898,3,4,5
898,212172,196022,927664,Review899,2,5,5
899,774157,196022,862084,Review900,5,5,5
900,812173,925398,208591,Review901,1,5,4
901,885333,412734,764904,Review902,4,1,4
902,785143,736483,249269,Review903,2,3,3
903,101775,608373,775754,Review904,2,5,4
904,457051,257232,427320,Review905,1,5,2
905,523184,888310,619488,Review906,1,3,1
906,142777,928658,805387,Review907,3,2,5
907,7782,93475,437347,Review908,1,5,4
908,479546,343271,685506,Review909,2,2,4
909,226014,87945,422446,Review910,4,1,1
910,925247,122389,27149,Review911,3,2,2
911,88368,749502,490903,Review912,5,3,3
912,166126,560249,441220,Review913,2,2,4
913,503779,748184,26839,Review914,4,1,1
914,803864,365547,258181,Review915,3,1,5
915,384904,211658,31994,Review916,5,2,5
916,918992,372128,846431,Review917,1,2,2
917,834610,915225,692519,Review918,2,4,3
918,110257,543846,403407,Review919,2,3,1
919,581522,594992,88945,Review920,1,1,2
920,29126,198519,66204,Review921,2,3,1
921,364535,410156,587129,Review922,1,2,1
922,795638,355168,800572,Review923,3,4,3
923,334761,861830,532068,Review924,5,2,5
924,647181,514159,773835,Review925,1,5,3
925,154702,512974,140802,Review926,3,5,3
926,175044,763962,908931,Review927,5,4,1
927,670754,609528,431757,Review928,4,5,1
928,960073,748662,805631,Review929,5,5,2
929,482997,748662,258682,Review930,5,1,4
930,622417,708447,963026,Review931,2,2,2
931,435697,578300,305335,Review932,2,4,2
932,986358,952448,283174,Review933,2,1,1
933,224238,175156,62453,Review934,2,3,2
934,22773,833880,601342,Review935,5,4,5
935,5998,70657,169186,Review936,2,4,1
936,277019,865848,825840,Review937,2,4,3
937,162605,559851,725225,Review938,1,4,3
938,550247,559851,565623,Review939,2,1,1
939,466466,459001,513031,Review940,1,3,5
940,539766,196022,326720,Review941,1,2,3
941,525593,640179,470025,Review942,5,1,3
942,188730,858018,161447,Review943,2,1,2
943,976574,297278,183753,Review944,1,2,5
944,237741,635869,51432,Review945,1,3,1
945,970689,227879,765975,Review946,5,3,2
946,281465,582951,714384,Review947,1,4,5
947,751088,691731,111398,Review948,2,3,2
948,295261,463298,996061,Review949,5,4,5
949,471109,394861,958733,Review950,3,1,3
950,374712,952168,107126,Review951,4,4,1
951,109174,63511,353620,Review952,5,5,4
952,508168,508730,800572,Review953,3,1,1
953,102019,878978,573645,Review954,3,5,1
954,949773,502314,313349,Review955,5,4,2
955,433074,861830,720931,Review956,5,2,2
956,498072,519531,617022,Review957,4,1,2
957,74912,685718,379098,Review958,5,5,2
958,673668,355168,290993,Review959,2,1,1
959,398291,432488,355276,Review960,3,4,5
960,78834,582951,718383,Review961,4,1,2
961,421769,888310,156197,Review962,5,5,4
962,730218,57688,151691,Review963,5,4,4
963,711735,8924,245896,Review964,2,3,4
964,942149,206052,977215,Review965,1,5,5
965,985608,865848,532068,Review966,3,1,5
966,48692,996658,37050,Review967,5,1,4
967,604747,52728,416655,Review968,5,3,2
968,930452,864235,599553,Review969,2,3,5
969,528714,561256,30799,Review970,5,3,1
970,991710,363888,881801,Review971,3,5,5
971,327563,306944,121113,Review972,3,1,1
972,680824,443720,780217,Review973,4,4,5
973,459754,87945,336717,Review974,2,5,3
974,507202,52728,770105,Review975,4,1,2
975,91048,972299,321100,Review976,1,4,4
976,64247,447800,127935,Review977,2,1,5
977,65531,255686,301660,Review978,1,4,3
978,796677,722397,37043,Review979,5,2,5
979,253557,989335,720931,Review980,5,5,1
980,350920,365547,51432,Review981,5,5,3
981,141043,343271,538267,Review982,3,1,3
982,946279,262712,139811,Review983,5,3,4
983,897821,157357,183571,Review984,5,4,3
984,141906,459001,722025,Review985,4,3,2
985,59864,570612,565463,Review986,5,5,2
986,823590,970730,908931,Review987,1,4,3
987,95014,831995,195108,Review988,1,2,4
988,720173,739764,767164,Review989,4,2,2
989,736125,713957,517806,Review990,3,5,5
990,515295,560249,656100,Review991,2,2,2
991,730524,560249,253797,Review992,3,1,4
992,681501,342975,699602,Review993,4,4,1
993,308480,748310,122040,Review994,2,3,5
994,347261,230734,587129,Review995,5,2,1
995,438521,343074,127935,Review996,5,2,1
996,889850,465627,110749,Review997,4,1,2
997,50662,465627,138078,Review998,3,4,2
998,412049,488465,900916,Review999,3,5,1
999,176348,443720,429979,Review1000,3,4,4
