,ExperienceId,HostId,BranchId,Title,Description,Duration,GroupSize
0,573927,460180,788749,Title1,Description1,05:14:00,3
1,931882,595765,846823,Title2,Description2,05:17:00,1
2,858018,710527,846823,Title3,Description3,02:47:00,3
3,306944,83545,513896,Title4,Description4,09:36:00,1
4,739764,44294,513896,Title5,Description5,04:12:00,7
5,749502,648750,788749,Title6,Description6,03:39:00,8
6,225689,111332,513896,Title7,Description7,01:36:00,4
7,923591,305335,846823,Title8,Description8,12:36:00,2
8,70657,46541,788749,Title9,Description9,05:44:00,1
9,212920,1670,788749,Title10,Description10,01:05:00,4
10,888310,342825,846823,Title11,Description11,10:34:00,2
11,19726,412890,513896,Title12,Description12,09:56:00,7
12,876532,846431,788749,Title13,Description13,08:55:00,3
13,332005,954070,788749,Title14,Description14,10:09:00,7
14,915225,968742,513896,Title15,Description15,05:25:00,6
15,925398,475948,513896,Title16,Description16,03:27:00,5
16,865848,51432,513896,Title17,Description17,03:28:00,2
17,878978,208775,513896,Title18,Description18,11:31:00,4
18,322989,79786,788749,Title19,Description19,11:58:00,5
19,988888,37043,788749,Title20,Description20,11:53:00,6
20,52728,773493,513896,Title21,Description21,09:05:00,7
21,865814,828087,846823,Title22,Description22,04:39:00,4
22,415951,137040,788749,Title23,Description23,05:59:00,3
23,689937,398386,513896,Title24,Description24,00:31:00,1
24,952168,694135,513896,Title25,Description25,10:11:00,8
25,936223,337241,513896,Title26,Description26,09:37:00,8
26,748347,963026,846823,Title27,Description27,11:42:00,2
27,342975,691077,846823,Title28,Description28,02:08:00,2
28,355168,649202,513896,Title29,Description29,10:41:00,4
29,255686,89769,846823,Title30,Description30,09:48:00,3
30,644722,750759,846823,Title31,Description31,07:21:00,5
31,952448,568255,788749,Title32,Description32,08:13:00,1
32,934186,703803,846823,Title33,Description33,11:13:00,1
33,577465,565463,788749,Title34,Description34,00:35:00,5
34,996658,104978,846823,Title35,Description35,09:45:00,2
35,321534,107126,788749,Title36,Description36,09:33:00,4
36,23128,789611,513896,Title37,Description37,03:43:00,8
37,568743,968345,846823,Title38,Description38,11:24:00,6
38,338964,767132,513896,Title39,Description39,04:54:00,2
39,256063,1373,846823,Title40,Description40,05:29:00,8
40,883795,511101,788749,Title41,Description41,02:31:00,8
41,589091,124904,513896,Title42,Description42,08:12:00,3
42,230116,873013,788749,Title43,Description43,09:57:00,2
43,42229,139054,846823,Title44,Description44,00:17:00,2
44,365926,544631,513896,Title45,Description45,09:42:00,7
45,434736,746834,513896,Title46,Description46,10:52:00,8
46,763962,786746,846823,Title47,Description47,09:41:00,6
47,972444,30799,846823,Title48,Description48,11:02:00,4
48,93475,955683,846823,Title49,Description49,00:05:00,7
49,748184,649202,788749,Title50,Description50,12:51:00,7
50,989335,607368,788749,Title51,Description51,12:21:00,5
51,964252,127935,846823,Title52,Description52,00:32:00,7
52,98576,41677,846823,Title53,Description53,02:07:00,7
53,633712,448394,513896,Title54,Description54,08:28:00,3
54,262712,78689,513896,Title55,Description55,08:44:00,7
55,578300,265248,846823,Title56,Description56,03:27:00,7
56,634078,82476,788749,Title57,Description57,01:04:00,7
57,365547,80975,846823,Title58,Description58,06:18:00,4
58,188976,754765,846823,Title59,Description59,02:51:00,2
59,410156,18982,788749,Title60,Description60,04:14:00,1
60,831995,165180,788749,Title61,Description61,07:12:00,2
61,63511,211076,846823,Title62,Description62,12:06:00,2
62,260391,416655,513896,Title63,Description63,02:36:00,3
63,87945,895014,846823,Title64,Description64,04:40:00,5
64,8754,1373,846823,Title65,Description65,02:27:00,2
65,629737,136954,513896,Title66,Description66,10:10:00,1
66,359315,497611,846823,Title67,Description67,00:59:00,8
67,885263,640382,788749,Title68,Description68,00:20:00,1
68,200110,550266,788749,Title69,Description69,01:52:00,6
69,102904,539205,788749,Title70,Description70,07:50:00,6
70,702469,929621,846823,Title71,Description71,05:47:00,3
71,972299,383012,788749,Title72,Description72,12:38:00,4
72,748310,211076,513896,Title73,Description73,06:20:00,4
73,453649,328029,513896,Title74,Description74,09:10:00,1
74,519531,116278,846823,Title75,Description75,07:54:00,3
75,343271,513031,513896,Title76,Description76,06:36:00,6
76,501004,398511,513896,Title77,Description77,08:38:00,2
77,176607,935711,846823,Title78,Description78,06:41:00,3
78,111381,916164,513896,Title79,Description79,03:50:00,6
79,863708,124617,788749,Title80,Description80,08:51:00,7
80,35199,750759,513896,Title81,Description81,05:00:00,2
81,104122,735172,846823,Title82,Description82,03:32:00,5
82,59962,254016,846823,Title83,Description83,09:18:00,8
83,374577,5199,846823,Title84,Description84,06:17:00,4
84,692314,742464,513896,Title85,Description85,05:10:00,7
85,685718,781962,513896,Title86,Description86,11:37:00,6
86,488465,365876,788749,Title87,Description87,02:58:00,7
87,568582,416655,846823,Title88,Description88,01:01:00,4
88,537327,660998,513896,Title89,Description89,04:22:00,5
89,361395,619488,788749,Title90,Description90,08:28:00,7
90,748662,433170,513896,Title91,Description91,11:08:00,8
91,644636,399711,846823,Title92,Description92,12:09:00,6
92,508730,204079,846823,Title93,Description93,10:32:00,4
93,8924,379276,513896,Title94,Description94,08:29:00,3
94,594992,124904,846823,Title95,Description95,01:45:00,6
95,586399,601342,788749,Title96,Description96,00:09:00,7
96,394861,265248,788749,Title97,Description97,11:30:00,2
97,157357,211076,788749,Title98,Description98,09:26:00,6
98,560190,573645,846823,Title99,Description99,07:29:00,7
99,736483,972819,788749,Title100,Description100,06:56:00,4
100,713957,20172,846823,Title101,Description101,07:01:00,1
101,447800,841799,788749,Title102,Description102,00:59:00,2
102,862583,333302,788749,Title103,Description103,05:16:00,7
103,722397,138078,846823,Title104,Description104,03:26:00,1
104,54928,355276,513896,Title105,Description105,00:33:00,3
105,561256,568183,788749,Title106,Description106,08:18:00,2
106,489742,221291,788749,Title107,Description107,11:36:00,2
107,316461,257562,846823,Title108,Description108,01:51:00,7
108,502314,963803,513896,Title109,Description109,11:36:00,4
109,608373,705253,788749,Title110,Description110,11:16:00,2
110,493028,562915,513896,Title111,Description111,05:37:00,7
111,428539,46541,788749,Title112,Description112,04:16:00,1
112,12203,134069,846823,Title113,Description113,03:37:00,8
113,23723,513031,513896,Title114,Description114,10:29:00,4
114,640179,607930,846823,Title115,Description115,07:48:00,3
115,635869,493127,788749,Title116,Description116,07:00:00,1
116,490063,715072,513896,Title117,Description117,10:13:00,6
117,378328,307787,513896,Title118,Description118,11:08:00,6
118,940494,931311,513896,Title119,Description119,01:49:00,6
119,112830,66204,788749,Title120,Description120,01:38:00,1
120,122389,89769,788749,Title121,Description121,01:44:00,3
121,614532,565037,513896,Title122,Description122,06:45:00,3
122,514159,15479,788749,Title123,Description123,01:16:00,2
123,353269,122040,846823,Title124,Description124,01:10:00,5
124,198519,168894,513896,Title125,Description125,12:25:00,3
125,928658,328029,513896,Title126,Description126,04:38:00,4
126,465420,200593,788749,Title127,Description127,12:10:00,6
127,486058,644817,846823,Title128,Description128,09:31:00,7
128,185481,848108,788749,Title129,Description129,07:49:00,2
129,243431,175741,788749,Title130,Description130,06:27:00,6
130,653220,949587,513896,Title131,Description131,12:24:00,4
131,618658,117573,846823,Title132,Description132,02:50:00,4
132,540020,848108,513896,Title133,Description133,08:54:00,2
133,230734,5586,846823,Title134,Description134,07:00:00,7
134,412734,258181,846823,Title135,Description135,04:08:00,8
135,372128,30799,846823,Title136,Description136,11:50:00,7
136,418028,183586,788749,Title137,Description137,02:18:00,3
137,687028,326720,513896,Title138,Description138,03:40:00,1
138,443720,768617,846823,Title139,Description139,02:47:00,7
139,595706,542949,513896,Title140,Description140,02:57:00,2
140,876739,948679,513896,Title141,Description141,10:57:00,7
141,482316,654952,788749,Title142,Description142,05:37:00,6
142,479771,999621,788749,Title143,Description143,04:39:00,8
143,363888,676929,846823,Title144,Description144,09:22:00,1
144,582951,764663,513896,Title145,Description145,08:11:00,2
145,465627,422446,846823,Title146,Description146,04:58:00,2
146,461943,585545,788749,Title147,Description147,06:08:00,5
147,704227,663810,513896,Title148,Description148,08:37:00,7
148,560249,432512,513896,Title149,Description149,05:57:00,5
149,414375,339514,788749,Title150,Description150,00:46:00,1
150,257232,855959,788749,Title151,Description151,07:05:00,7
151,211658,887179,513896,Title152,Description152,09:11:00,8
152,466535,247498,513896,Title153,Description153,03:14:00,2
153,691731,441999,846823,Title154,Description154,11:21:00,5
154,432899,341366,846823,Title155,Description155,09:25:00,2
155,206052,97212,788749,Title156,Description156,03:58:00,3
156,114486,327620,788749,Title157,Description157,11:50:00,2
157,708447,160616,513896,Title158,Description158,06:55:00,5
158,297278,333302,513896,Title159,Description159,02:50:00,2
159,864235,353990,513896,Title160,Description160,05:14:00,1
160,308370,376181,846823,Title161,Description161,01:31:00,7
161,512974,919592,788749,Title162,Description162,08:45:00,2
162,970730,221291,846823,Title163,Description163,09:13:00,4
163,570612,746834,513896,Title164,Description164,12:01:00,1
164,924441,958733,788749,Title165,Description165,09:56:00,3
165,263200,137040,788749,Title166,Description166,08:52:00,4
166,707253,542949,788749,Title167,Description167,02:07:00,6
167,459001,156197,846823,Title168,Description168,04:26:00,3
168,343074,568255,846823,Title169,Description169,02:50:00,2
169,453021,257562,788749,Title170,Description170,03:20:00,2
170,175156,149754,846823,Title171,Description171,00:59:00,6
171,402006,694188,846823,Title172,Description172,06:17:00,3
172,414541,512430,788749,Title173,Description173,03:33:00,3
173,227879,82476,513896,Title174,Description174,00:35:00,7
174,57688,854755,846823,Title175,Description175,08:36:00,3
175,874079,955683,846823,Title176,Description176,06:28:00,5
176,861830,715072,788749,Title177,Description177,12:44:00,2
177,196022,132405,513896,Title178,Description178,07:08:00,2
178,156892,907983,788749,Title179,Description179,03:47:00,7
179,834023,895014,513896,Title180,Description180,11:25:00,8
180,543846,733905,513896,Title181,Description181,06:38:00,5
181,673261,416828,846823,Title182,Description182,07:16:00,2
182,249696,151691,513896,Title183,Description183,12:04:00,3
183,967938,770105,788749,Title184,Description184,04:53:00,3
184,742724,517806,788749,Title185,Description185,07:35:00,8
185,559851,559113,788749,Title186,Description186,09:36:00,8
186,354893,502928,788749,Title187,Description187,01:09:00,1
187,841346,808676,788749,Title188,Description188,09:13:00,7
188,851299,127935,846823,Title189,Description189,02:04:00,6
189,309768,550266,788749,Title190,Description190,08:20:00,5
190,833880,645872,513896,Title191,Description191,02:56:00,7
191,785496,106084,788749,Title192,Description192,08:23:00,2
192,463298,663810,513896,Title193,Description193,11:08:00,2
193,528518,714384,513896,Title194,Description194,07:16:00,4
194,609528,253797,513896,Title195,Description195,05:36:00,4
195,884999,694135,788749,Title196,Description196,09:03:00,8
196,257754,514909,513896,Title197,Description197,09:23:00,5
197,667834,60716,788749,Title198,Description198,02:13:00,2
198,432488,881801,788749,Title199,Description199,05:05:00,2
199,744124,422446,788749,Title200,Description200,08:51:00,3
